feature,range,signals_in_filtered_universe,buys,known_exits,unknown_or_unfilled_exits,successes,success_rate,wilson_lower,wilson_upper,mean_known_return_pct,median_known_return_pct,worst_known_return_pct,positive_rate_known,entry_dates
d2_open_gap_pct,"[-100, 0)",2095,0,0,0,0,,0.0,1.0,,,,,0
d2_open_gap_pct,"[0, 1)",1338,585,568,17,163,0.27863247863247864,0.2438366287380789,0.3163166245353679,-0.6063955293168297,-0.18448124594079296,-19.85961083002782,0.49295774647887325,149
d2_open_gap_pct,"[1, 3)",1505,1019,980,39,287,0.281648675171737,0.25489101328579994,0.3100464497369915,-0.6882460171723445,-0.4511616910621685,-21.051070139156593,0.4663265306122449,149
d2_open_gap_pct,"[3, 5)",838,675,634,41,243,0.36,0.3246754056201608,0.3969090710729141,-0.3821329718953469,-0.14657762096326743,-22.257589509607676,0.4889589905362776,145
d2_open_gap_pct,"[5, 9)",519,367,344,23,131,0.3569482288828338,0.30964577910010954,0.4072143574824923,-0.5866603554706205,-0.26197864175686036,-15.718249931230165,0.4883720930232558,128
d2_open_gap_pct,"[9, 100)",288,102,94,8,42,0.4117647058823529,0.32115190435089147,0.5087824124984842,-0.6463241282489498,0.8221205537264242,-19.345856703564767,0.5212765957446809,69
turnover_pct,"[0, 3)",700,325,317,8,93,0.28615384615384615,0.23973898032943447,0.3375649262446088,-0.7922446975964058,-0.6826854586816644,-17.41589324541438,0.45425867507886436,113
turnover_pct,"[3, 5)",1221,533,514,19,157,0.2945590994371482,0.2574407473261965,0.33461758497718397,-0.792471067294292,-0.7873450436793106,-21.051070139156593,0.4571984435797665,140
turnover_pct,"[5, 10)",2627,1057,1006,51,313,0.2961210974456008,0.26937642814652357,0.3243423161424394,-0.49701296732265304,-0.15698829293665506,-22.257589509607676,0.48807157057654077,151
turnover_pct,"[10, 15)",1218,490,458,32,163,0.3326530612244898,0.2923791720489465,0.3755304433332124,-0.6966346330018787,-0.5196513847916862,-19.345856703564767,0.4759825327510917,143
turnover_pct,"[15, 25)",687,278,261,17,118,0.4244604316546763,0.36777738100107793,0.4832026693586524,0.242555003101011,2.190391571663719,-18.27127989533306,0.5670498084291188,120
turnover_pct,"[25, 1000)",180,65,64,1,22,0.3384615384615385,0.2353350331209667,0.45961623084487946,-1.7114553600060827,-1.1089906809067351,-16.737148251751766,0.4375,49
float_market_cap_cny,"[0, 2000000000)",55,27,27,0,7,0.25925925925925924,0.1317037456190719,0.44678571314553067,0.05285334211059623,-0.15945111485821117,-7.557424975741355,0.48148148148148145,27
float_market_cap_cny,"[2000000000, 5000000000)",1110,398,380,18,112,0.2814070351758794,0.23947978627050365,0.32751362324317074,-0.8023851505237686,-0.7679240994412639,-19.85961083002782,0.44473684210526315,144
float_market_cap_cny,"[5000000000, 10000000000)",1924,748,715,33,247,0.3302139037433155,0.2974538563725036,0.3647089613066207,-0.4471998853192047,-0.11138071583287612,-17.551064195949373,0.4965034965034965,154
float_market_cap_cny,"[10000000000, 20000000000)",1711,755,721,34,248,0.32847682119205296,0.29591776352244736,0.36277247145429126,-0.4411070150812469,-0.13713314371311958,-16.98303870466038,0.49514563106796117,145
float_market_cap_cny,"[20000000000, 1000000000000000.0)",1833,820,777,43,252,0.3073170731707317,0.27669718413688144,0.3397338699006938,-0.7496606166807531,-0.41086416262919867,-22.257589509607676,0.47619047619047616,140
total_market_cap_cny,"[0, 5000000000)",872,323,309,14,90,0.2786377708978328,0.23256544888895966,0.32991355693860236,-0.6478335810483091,-0.5364434846666266,-19.85961083002782,0.45307443365695793,130
total_market_cap_cny,"[5000000000, 10000000000)",1977,743,708,35,240,0.32301480484522205,0.2903749857620263,0.35747530844192393,-0.5611318079756734,-0.3629148019486439,-17.551064195949373,0.4844632768361582,155
total_market_cap_cny,"[10000000000, 20000000000)",1775,785,750,35,252,0.32101910828025476,0.2892993161320396,0.3544820839732608,-0.4219859380019579,-0.14607223717860718,-16.98303870466038,0.49466666666666664,145
total_market_cap_cny,"[20000000000, 50000000000)",1299,595,571,24,202,0.33949579831932775,0.3025845473918818,0.3784662596512066,-0.719816230254856,-0.30471207615868634,-22.257589509607676,0.4868651488616462,140
total_market_cap_cny,"[50000000000, 1000000000000000.0)",710,302,282,20,82,0.271523178807947,0.22446656089671022,0.32431926908160746,-0.7049123206812269,-0.498441281472084,-18.27127989533306,0.46808510638297873,107
amplitude_pct,"[0, 3)",228,105,101,4,34,0.3238095238095238,0.24189996231126903,0.418156045749465,-0.2746553385509015,0.08128117052319528,-15.718249931230165,0.5148514851485149,69
amplitude_pct,"[3, 5)",198,76,72,4,27,0.35526315789473684,0.2570177876603489,0.4674361448585067,0.3718925383236983,1.0853992422515502,-10.437017013835959,0.5277777777777778,51
amplitude_pct,"[5, 8)",775,327,314,13,113,0.345565749235474,0.29608431964090276,0.39863350574887435,-0.4165240751514451,-0.08641847656544743,-22.257589509607676,0.4968152866242038,103
amplitude_pct,"[8, 12)",4328,1839,1755,84,550,0.29907558455682437,0.2785861845262627,0.3204026506430335,-0.6712169764011733,-0.4209585546146477,-19.85961083002782,0.4740740740740741,157
amplitude_pct,"[12, 100)",1104,401,378,23,142,0.3541147132169576,0.30889244233243296,0.4021055361334538,-0.5661730486345337,-0.1037981732050719,-17.551064195949373,0.49206349206349204,125
return_5d_pct,"[-100, 0)",671,267,259,8,81,0.30337078651685395,0.25133941823597084,0.36097990518964473,-1.1672614801296812,-1.1093891739094919,-19.85961083002782,0.43243243243243246,87
return_5d_pct,"[0, 10)",2318,979,935,44,261,0.2665985699693565,0.23985144232840533,0.29517020750273654,-0.5844652627678018,-0.3728963175339439,-21.051070139156593,0.47914438502673795,150
return_5d_pct,"[10, 20)",2493,1052,1020,32,349,0.33174904942965777,0.3039542699794732,0.36076812082776516,-0.5841920113383706,-0.3564399414611896,-22.257589509607676,0.47941176470588237,152
return_5d_pct,"[20, 35)",981,382,349,33,145,0.3795811518324607,0.33234368440942597,0.42921641262837396,-0.27317334275400196,0.4415702627008633,-17.551064195949373,0.5214899713467048,128
return_5d_pct,"[35, 1000)",170,68,57,11,30,0.4411764705882353,0.32946233969530203,0.5591813469541181,0.28521754785904174,5.10143234183229,-13.702921818058645,0.5789473684210527,48
open_change_pct,"[-100, 0)",2053,779,746,33,254,0.32605905006418484,0.29406398834498343,0.3597611930547779,-0.5791406494259044,-0.3737337909001326,-17.551064195949373,0.47587131367292224,144
open_change_pct,"[0, 3)",3371,1456,1387,69,429,0.29464285714285715,0.27179143782378223,0.31857503903797013,-0.7627377563612368,-0.5026291541648131,-22.257589509607676,0.4722422494592646,154
open_change_pct,"[3, 5)",580,250,237,13,92,0.368,0.3106374013678842,0.42935778969891303,-0.08513474110228206,0.5351900048577996,-21.051070139156593,0.5316455696202531,86
open_change_pct,"[5, 100)",629,263,250,13,91,0.34600760456273766,0.29110583137125623,0.40534313739851613,-0.0544742632552024,0.08520434410289601,-15.718249931230165,0.512,101
change_pct,"[0, 9.9)",59,22,21,1,8,0.36363636363636365,0.19733204670366125,0.5704829190986899,-0.3519668665282575,-0.16070123174327655,-11.602497257705691,0.47619047619047616,21
change_pct,"[9.9, 10.1)",6431,2664,2539,125,835,0.31343843843843844,0.29610213208403036,0.33131200951964923,-0.5846560872935409,-0.32166300238691825,-22.257589509607676,0.4824734147302087,156
change_pct,"[10.1, 100)",143,62,60,2,23,0.3709677419354839,0.26157165984141106,0.4954203587653947,-0.5319763694067958,-0.5418720304015301,-13.592907228679108,0.48333333333333334,52
industry_current_classification,交通运输,81,38,35,3,9,0.23684210526315788,0.12993707017054082,0.39206812363239807,-1.5165247322091109,-1.7704897924425644,-13.126047219948212,0.4,30
industry_current_classification,传媒,193,75,72,3,30,0.4,0.2966251564586679,0.5131196120378932,0.740031056648733,1.021042384262949,-15.412266275607767,0.5555555555555556,47
industry_current_classification,公用事业,350,173,163,10,58,0.3352601156069364,0.26916858230307594,0.4085088108822271,-1.1585633719845314,-0.7077730082676315,-16.920795127623578,0.44785276073619634,84
industry_current_classification,农林牧渔,112,48,44,4,16,0.3333333333333333,0.21676780694818568,0.4745989029405201,-1.4130593984048874,-2.664468763533706,-12.899864914821602,0.38636363636363635,39
industry_current_classification,制造业,9,5,5,0,1,0.2,0.03622410863243014,0.6244653702374747,-3.298656376119402,-3.056775875481499,-11.376529207638786,0.4,5
industry_current_classification,医药生物,298,128,119,9,41,0.3203125,0.24573020610600924,0.40536588755478287,-1.3471611235000334,-1.8664804620754927,-17.551064195949373,0.4369747899159664,69
industry_current_classification,商贸零售,116,39,35,4,13,0.3333333333333333,0.20632956189598373,0.4902260560065401,-0.7194306979808103,-0.9342779844532911,-19.345856703564767,0.45714285714285713,31
industry_current_classification,国防军工,141,66,62,4,15,0.22727272727272727,0.14285229563373036,0.34169455364638307,0.06468775987114254,-0.046484240748007055,-11.020757318485963,0.4838709677419355,37
industry_current_classification,基础化工,659,304,293,11,95,0.3125,0.2630088423319373,0.3666706672548445,-0.36181534905358764,0.1757916195026299,-22.257589509607676,0.5051194539249146,109
industry_current_classification,家用电器,76,25,23,2,1,0.04,0.007096233501987265,0.19544063736193734,-4.071549998762965,-3.5229740720119196,-13.885622071852277,0.30434782608695654,23
industry_current_classification,建筑材料,136,57,53,4,22,0.38596491228070173,0.2706272388614066,0.5157026708419042,0.3724530427620241,0.7776926910758819,-21.051070139156593,0.5660377358490566,38
industry_current_classification,建筑装饰,264,106,103,3,39,0.36792452830188677,0.2822415074217158,0.4628456363524088,-0.8315672210750623,-0.009427076797052791,-18.27127989533306,0.49514563106796117,71
industry_current_classification,房地产,149,70,70,0,21,0.3,0.2053660525763799,0.4154431723877268,-2.2873972233160043,-2.532830272040798,-19.85961083002782,0.37142857142857144,56
industry_current_classification,有色金属,420,227,203,24,78,0.3436123348017621,0.2848954902914087,0.40753410895510633,0.18620445403756458,1.2549699149774884,-14.987539881985068,0.5615763546798029,74
industry_current_classification,机械设备,612,230,222,8,78,0.3391304347826087,0.28103798925518225,0.4025082887521663,-0.08490131054943001,0.33155224975089936,-13.865712762317962,0.5315315315315315,105
industry_current_classification,汽车,271,106,104,2,31,0.29245283018867924,0.21433337400446412,0.3850892804977318,-0.39696369971745177,-0.04773415473298681,-12.84153076871033,0.5,73
industry_current_classification,煤炭,93,36,34,2,11,0.3055555555555556,0.1800445159482992,0.4685627285051034,-0.24906459017725485,0.10880876729933986,-11.578496223237744,0.5294117647058824,28
industry_current_classification,环保,77,29,28,1,10,0.3448275862068966,0.19940718526674994,0.5265489590952386,0.1089375448687567,0.07075441757182777,-8.634518049572314,0.5,25
industry_current_classification,电力设备,584,232,226,6,69,0.2974137931034483,0.24228007255995446,0.3591470875753361,-0.6170954146757146,-0.6733144631137,-13.702921818058645,0.4690265486725664,103
industry_current_classification,电子,739,276,266,10,84,0.30434782608695654,0.253056251265183,0.36101094072583634,-0.7302780457962116,-0.27430699716622375,-17.93157500578195,0.4774436090225564,96
industry_current_classification,石油石化,108,51,50,1,21,0.4117647058823529,0.2875439520458094,0.5483466279362843,-0.19010255247551644,0.7765616402519049,-17.444955254972616,0.54,31
industry_current_classification,社会服务,42,14,14,0,3,0.21428571428571427,0.07571386712693184,0.47589230586600295,-2.162234454167518,-3.2910781098737854,-9.678272013259559,0.2857142857142857,13
industry_current_classification,纺织服饰,99,39,37,2,13,0.3333333333333333,0.20632956189598373,0.4902260560065401,-0.622872403769532,-0.7315486611371713,-14.050578408610336,0.43243243243243246,31
industry_current_classification,综合,31,14,13,1,4,0.2857142857142857,0.11721378644576919,0.5464908432989318,-0.8614159883662107,-1.6566714438639107,-11.981382255682272,0.46153846153846156,14
industry_current_classification,美容护理,1,0,0,0,0,,0.0,1.0,,,,,0
industry_current_classification,计算机,244,103,101,2,34,0.3300970873786408,0.2468297273744029,0.42558208367416694,-0.007503830851452549,-0.16204130838186614,-16.737148251751766,0.48514851485148514,61
industry_current_classification,轻工制造,218,72,67,5,25,0.3472222222222222,0.24753423008275116,0.46238696154394426,-0.5926554975933062,0.034517892912422354,-17.41589324541438,0.5074626865671642,54
industry_current_classification,通信,285,98,96,2,27,0.2755102040816326,0.19679552609602996,0.3711603878361532,-0.9984579579335447,-0.9417154150441531,-12.444185544424858,0.4166666666666667,56
industry_current_classification,钢铁,49,19,19,0,4,0.21052631578947367,0.08507676632916253,0.43334278443814167,-1.2597488488165751,-1.6050598029554664,-12.30093601232407,0.3684210526315789,16
industry_current_classification,银行,2,1,1,0,0,0.0,0.0,0.7934506856227626,-3.3542495435311848,-3.3542495435311848,-3.3542495435311848,0.0,1
industry_current_classification,非银金融,56,30,27,3,7,0.23333333333333334,0.11792388144489496,0.40928326158122164,-0.8575688553835251,-1.1260006348610574,-14.220728527594694,0.37037037037037035,21
industry_current_classification,食品饮料,118,37,35,2,6,0.16216216216216217,0.07651207234011151,0.3113648370093497,-0.7720709145278009,-0.2565367108437355,-10.456255259473025,0.45714285714285713,28
