entry_date,symbol,name,industry,d1_turnover_pct,d1_first_seal_time,d2_open_gap_pct,d2_first_minute_change_pct,d2_buy_time,d3_exit_date,net_return_pct,positive
2025-02-24,002580,圣阳股份,东数西算,13.2763,10:22,3.9660,6.9877,09:34,2025-02-25,5.1067,true
2025-02-24,000880,潍柴重机,数据中心,7.0734,09:32,2.5582,8.7438,09:42,2025-02-25,5.1336,true
2025-03-05,603583,捷昌驱动,人形机器,5.2540,10:26,3.3421,6.7564,09:34,2025-03-06,5.1021,true
2025-03-20,000595,新能股份,风电,6.3016,10:12,3.2641,7.5668,09:36,2025-03-21,5.1299,true
2025-06-24,000892,欢瑞世纪,人工智能,10.6481,09:31,4.2755,9.9762,09:32,2025-06-25,-5.6209,false
2025-07-15,003037,三和管桩,风电,6.0468,09:39,4.8894,10.0116,09:35,2025-07-16,5.1999,true
2025-07-28,603528,多伦科技,数据要素,8.3601,10:18,4.5810,10.0559,09:32,2025-07-29,-8.3941,false
2025-08-05,002046,国机精工,国防军工,4.8866,10:05,4.9976,8.3451,09:34,2025-08-06,5.1031,true
2025-11-03,000572,海马汽车,绿色电力,9.0478,09:48,4.3939,6.6667,09:37,2025-11-04,5.2229,true
2025-11-25,002153,石基信息,人工智能,3.8466,10:12,4.9825,7.6923,09:39,2025-11-26,5.1686,true
2025-12-19,601566,九牧王,新零售,14.8054,10:13,3.6269,9.9741,09:32,2025-12-22,5.1019,true
2026-01-19,002339,积成电子,核电核能,14.8660,10:25,3.9575,8.1081,09:40,2026-01-20,5.1836,true
2026-02-27,600744,华银电力,风电,10.4975,09:49,3.0471,7.3407,09:33,2026-03-02,5.1469,true
2026-03-03,002828,贝肯能源,天然气,13.6473,09:31,4.4355,8.5349,09:33,2026-03-04,5.1586,true
2026-03-05,002339,积成电子,风电,6.5225,09:37,3.9861,8.3189,09:40,2026-03-06,3.0827,true
2026-03-12,601016,节能风电,绿色电力,9.5416,10:16,4.9628,7.4442,09:33,2026-03-13,5.3058,true
2026-04-08,000919,金陵药业,养老概念,6.2483,10:06,4.9383,10.0000,09:42,2026-04-09,5.1980,true
2026-04-13,002418,康盛股份,锂电池,12.6465,09:37,3.5149,10.0176,09:32,2026-04-14,-3.3499,false
2026-05-07,600130,波导股份,汽车电子,6.0156,09:42,4.3307,9.0551,09:33,2026-05-08,5.2574,true
2026-05-15,600509,天富能源,绿色电力,6.9415,09:40,4.3562,9.9710,09:37,2026-05-18,-11.7660,false
2026-06-11,002119,康强电子,芯片,13.7150,09:35,2.2567,7.6516,09:35,2026-06-12,5.1220,true
2026-07-13,600664,哈药股份,创新药,3.9719,09:31,4.1543,7.7151,09:36,2026-07-14,5.2479,true
2026-08-24,002017,东信和平,消费电子,5.6991,09:46,4.8864,9.9794,09:42,2026-08-25,5.1541,true
