month,signals_in_filtered_universe,buys,known_exits,unknown_or_unfilled_exits,successes,success_rate,wilson_lower,wilson_upper,mean_known_return_pct,median_known_return_pct,worst_known_return_pct,positive_rate_known,entry_dates
2026-01,938,465,433,32,154,0.3311827956989247,0.2899422682561267,0.3751897352255795,-0.6482710796236654,-0.6925716147905603,-16.737148251751766,0.4618937644341801,19
2026-02,538,217,213,4,72,0.3317972350230415,0.27255321843655805,0.39689290644495606,0.00859359258440132,-0.00897783640326777,-14.987539881985068,0.49765258215962443,14
2026-03,793,338,329,9,96,0.28402366863905326,0.23858535109006437,0.334316073729266,-1.435161706963343,-1.867918586409989,-16.98303870466038,0.3951367781155015,22
2026-04,866,341,334,7,105,0.30791788856304986,0.2612876108656969,0.3588276721168067,-0.22932168680566525,0.1841941564764693,-15.244124217295695,0.5089820359281437,21
2026-05,880,381,367,14,128,0.3359580052493438,0.2903773357246009,0.38481358475717553,-0.500499530321538,0.17525578112755902,-17.444955254972616,0.5149863760217984,18
2026-06,1065,431,410,21,149,0.345707656612529,0.3023483268073084,0.3917930727715154,0.042590363328762204,1.0531510102569253,-22.257589509607676,0.5658536585365853,21
2026-07,831,318,288,30,71,0.22327044025157233,0.1809572464851183,0.27218965185138855,-2.0018120405583253,-2.200456407271517,-21.051070139156593,0.3680555555555556,23
2026-08,829,288,277,11,108,0.375,0.32107787271184884,0.4322128341981778,0.4600986843918542,0.7313965732711702,-13.409572551515403,0.555956678700361,21
2026-09,719,239,229,10,54,0.22594142259414227,0.17750006208391483,0.28305333503298385,-1.4195271653907668,-1.3341266550197073,-14.403640967277765,0.38427947598253276,20
