trade_date,instrument_id,symbol,name,exchange,board,industry,open,high,low,close,previous_close,limit_price,volume_hands,amount_cny,total_shares,float_shares,total_market_cap_cny,float_market_cap_cny,turnover_pct,amplitude_pct,open_change_pct,change_pct,return_5d_pct,consecutive_limit_days,capital_as_of_date,classification_as_of_date,source,collected_at,buy_date,sell_date,capital_basis,industry_basis,d2_open_gap_pct,d2_minute_quality,d3_minute_quality,entry_mode,split,buy_status,signal_time,buy_time,buy_index,buy_sample_price,buy_price,shares,buy_minute_volume_hands,buy_participation_pct,order_limit,open_benchmark_net_return_pct,hindsight_d3_high_net_return_pct,early_sell_status,early_sell_time,early_sell_price,early_sell_sample_price,early_sell_minute_volume_hands,early_sell_reason,early_net_return_pct,early_target_quote,target_sell_status,target_sell_time,target_sell_price,target_sell_sample_price,target_sell_minute_volume_hands,target_sell_reason,target_net_return_pct,target_target_quote,example_reason,buy_transaction_bucket,buy_transaction_records,buy_eligible_transaction_records,buy_eligible_transaction_hands,buy_transaction_capacity_corroborated,sell_transaction_bucket,sell_transaction_records,sell_eligible_transaction_records,sell_eligible_transaction_hands,sell_transaction_capacity_corroborated
2026-01-05,sz:stock:000426,000426,兴业银锡,sz,main,有色金属,36.72,39.16,36.43,39.16,35.6,39.16,1077976.0,4089780736.0,1775635781.25,1775205468.75,69533897193.75,69517046156.25,6.072401,7.668539,3.146067,10.0,11.981699,1,2026-06-30,2026-10-02,mootdx,2026-10-02T10:02:03.930854+08:00,2026-01-06,2026-01-07,xdxr_capital_history,current_mootdx_f10,1.8896833503575072,ok,ok,early,train,filled_proxy,09:31,09:32,1,40.11,40.16,200,18557.0,0.01077760413859999,42.68,1.7884950041161307,9.140772938051246,filled_proxy,09:32,41.33,41.38,23329.0,early_exit,2.7336297666862297,42.29,filled_proxy,09:39,42.29,42.38,16041.0,precommitted_target,5.121338640547535,42.29,first_baseline_target_winner_of_month,09:31,20,20,18557,True,09:38,20,3,4021,True
2026-01-30,sh:stock:600330,600330,天通股份,sh,main,电子,12.31,13.56,12.02,13.56,12.33,13.56,1408793.0,1829205120.0,1233434453.125,1233434453.125,16725371184.38,16725371184.38,11.421709,12.489862,-0.162206,9.975669,-0.58651,1,2023-05-23,2026-10-02,mootdx,2026-10-02T10:02:03.930854+08:00,2026-02-02,2026-02-03,xdxr_capital_history,current_mootdx_f10,1.7699115044247815,ok,ok,early,train,filled_proxy,09:31,09:32,1,13.75,13.77,600,57154.0,0.01049795289918466,14.78,3.381529287292895,11.539375330447598,filled_proxy,09:32,15.17,15.19,82038.0,early_exit,9.982667380188847,14.5,filled_proxy,09:32,14.5,15.19,82038.0,precommitted_target,5.1224887843204,14.5,first_baseline_target_winner_of_month,09:31,20,10,28060,True,09:31,20,20,82038,True
2026-02-27,sz:stock:000510,000510,新金路,sz,main,基础化工,18.43,20.41,18.22,20.41,18.55,20.41,658236.0,1297430912.0,648543593.75,606610390.625,13236774748.44,12380918072.66,10.851051,11.80593,-0.6469,10.026954,16.296296,1,2026-06-30,2026-10-02,mootdx,2026-10-02T10:02:03.930854+08:00,2026-03-02,2026-03-03,xdxr_capital_history,current_mootdx_f10,4.360607545320927,ok,ok,early,train,filled_proxy,09:31,09:32,1,21.7,21.73,400,31713.0,0.012613123955475673,22.25,7.417927013198122,7.861527431992155,filled_proxy,09:32,23.28,23.31,40063.0,early_exit,6.9582374600436925,22.88,filled_proxy,09:32,22.88,23.31,40063.0,precommitted_target,5.119479247425973,22.88,first_baseline_target_winner_of_month,09:31,20,16,27707,True,09:31,20,20,40063,True
2026-03-31,sz:stock:000070,000070,特发信息,sz,main,通信,16.05,17.8,15.45,17.8,16.18,17.8,1575522.0,2662710016.0,900344765.625,888678828.125,16026136828.13,15818483140.63,17.728812,14.524104,-0.803461,10.012361,23.439667,1,2026-05-11,2026-10-02,mootdx,2026-10-02T10:02:03.930854+08:00,2026-04-01,2026-04-02,xdxr_capital_history,current_mootdx_f10,1.1235955056179803,ok,ok,early,train,filled_proxy,09:31,09:32,1,18.97,18.99,500,133853.0,0.0037354411182416534,19.4,-6.417135336105262,6.627130884623411,filled_proxy,09:32,18.37,18.39,36908.0,early_exit,-3.418695304724295,19.99,filled_proxy,10:55,19.99,20.09,28246.0,precommitted_target,5.103186889726818,19.99,first_baseline_target_winner_of_month,09:31,20,19,127740,True,10:54,20,5,11035,True
2026-04-30,sz:stock:002149,002149,西部材料,sz,main,有色金属,57.46,63.51,57.46,63.51,57.74,63.51,764253.0,4684239872.0,488214257.8125,488139257.8125,31006487513.67,31001724263.67,15.656454,10.478005,-0.484932,9.993072,-1.274677,1,2026-06-30,2026-10-02,mootdx,2026-10-02T10:02:03.930854+08:00,2026-05-06,2026-05-07,xdxr_capital_history,current_mootdx_f10,3.0074004093843643,ok,ok,early,train,filled_proxy,09:31,09:32,1,67.62,67.69,100,35612.0,0.0028080422329551835,69.23,4.566169163863187,9.885810789705873,filled_proxy,09:32,71.13,71.21000000000001,53115.0,early_exit,4.87601682055232,71.29,filled_proxy,09:33,71.29,72.27,32210.0,precommitted_target,5.112091225648796,71.29,first_baseline_target_winner_of_month,09:31,20,19,34540,True,09:32,20,19,30732,True
2026-05-29,sz:stock:000037,000037,深南电A,sz,main,公用事业,10.42,11.5,10.37,11.5,10.45,11.5,316176.0,356787488.0,602762578.125,338908164.0625,6931769648.44,3897443886.72,9.329253,10.813397,-0.287081,10.047847,16.27907,1,2024-12-31,2026-10-02,mootdx,2026-10-02T10:02:03.930854+08:00,2026-06-01,2026-06-02,xdxr_capital_history,current_mootdx_f10,6.521739130434789,ok,ok,early,train,filled_proxy,09:31,09:32,1,11.86,11.88,700,53975.0,0.012968967114404815,12.54,6.133912138428865,8.631615208854605,filled_proxy,09:32,12.22,12.24,38331.0,early_exit,2.686600959291452,12.51,filled_proxy,11:15,12.51,12.6,8790.0,precommitted_target,5.124943012827665,12.51,first_baseline_target_winner_of_month,09:31,20,2,2359,True,11:14,20,20,8790,True
2026-06-30,sz:stock:000620,000620,盈新发展,sz,main,房地产,3.21,3.5,3.18,3.5,3.18,3.5,2410959.0,831446272.0,5871815000.0,4671748750.0,20551352500.0,16351120625.0,5.160721,10.062893,0.943396,10.062893,19.863014,1,2025-06-30,2026-10-02,mootdx,2026-10-02T10:02:03.930854+08:00,2026-07-01,2026-07-02,xdxr_capital_history,current_mootdx_f10,0.28571428571428914,ok,ok,early,validation,filled_proxy,09:31,09:32,1,3.59,3.6,2600,346479.0,0.007504062295261762,3.82,4.558495603290069,9.720828534591464,filled_proxy,09:32,3.72,3.73,356483.0,early_exit,3.171070068109083,3.79,filled_proxy,09:35,3.79,3.83,101550.0,precommitted_target,5.11346581736245,3.79,first_baseline_target_winner_of_month,09:31,20,19,338465,True,09:34,20,12,45494,True
2026-07-31,sz:stock:000815,000815,美利云,sz,main,计算机,14.36,15.18,14.27,15.18,13.8,15.18,641831.0,943860992.0,695263046.875,695263046.875,10554093051.56,10554093051.56,9.231484,6.594203,4.057971,10.0,-6.238419,1,2019-06-26,2026-10-02,mootdx,2026-10-02T10:02:03.930854+08:00,2026-08-03,2026-08-04,xdxr_capital_history,current_mootdx_f10,4.743083003952564,ok,ok,early,validation,filled_proxy,09:31,09:32,1,15.99,16.01,600,73798.0,0.008130301634190628,16.55,12.135994195858647,14.454816938121384,filled_proxy,09:32,18.35,18.37,7822.0,early_exit,14.444646389269344,16.86,filled_proxy,09:32,16.86,18.37,7822.0,precommitted_target,5.147641610399201,16.86,first_baseline_target_winner_of_month,09:31,20,20,73798,True,09:31,20,20,7822,True
2026-08-31,sz:stock:001330,001330,博纳影业,sz,main,传媒,5.09,5.61,5.05,5.61,5.1,5.61,1291731.0,702824640.0,1374518906.25,1162847343.75,7711051064.06,6523573598.44,11.108345,10.980392,-0.196078,10.0,19.871795,1,2025-12-31,2026-10-02,mootdx,2026-10-02T10:02:03.930854+08:00,2026-09-01,2026-09-02,xdxr_capital_history,current_mootdx_f10,1.7825311942959,ok,ok,early,holdout,filled_proxy,09:31,09:32,1,5.68,5.69,1600,128174.0,0.012483030879897638,6.11,7.7384089905857545,8.682917052061878,filled_proxy,09:32,6.02,6.03,83633.0,early_exit,5.631699559783976,5.99,filled_proxy,09:32,5.99,6.03,83633.0,precommitted_target,5.105022202083531,5.99,first_baseline_target_winner_of_month,09:31,20,7,52865,True,09:31,20,20,83633,True
2026-01-05,sz:stock:000952,000952,广济药业,sz,main,医药生物,7.01,7.73,7.01,7.73,7.03,7.73,278938.0,207929072.0,346750351.5625,343994023.4375,2680380217.58,2659073801.17,8.108804,10.241821,-0.284495,9.957326,6.327373,1,2026-06-30,2026-10-02,mootdx,2026-10-02T10:02:03.930854+08:00,2026-01-06,2026-01-07,xdxr_capital_history,current_mootdx_f10,7.7619663648124115,ok,ok,early,train,filled_proxy,09:31,09:33,2,8.34,8.35,1100,86401.0,0.012731334128077221,8.43,-3.2712441279898807,-0.8582448901204298,filled_proxy,09:32,8.15,8.16,15287.0,early_exit,-2.5534456437451225,8.79,filled_proxy,14:56,7.82,7.83,2619.0,end_of_day_exit,-6.501337307091237,8.79,first_three_baseline_losses_below_minus5,09:32,20,10,13608,True,14:55,20,20,2619,True
2026-01-05,sz:stock:002759,002759,ST天际,sz,main,电力设备,47.85,51.07,44.6,51.07,46.43,51.07,1795757.0,8676759552.0,501382617.1875,500941796.875,25605610259.77,25583097566.41,35.847618,13.934956,3.058367,9.993539,13.488889,1,2026-06-30,2026-10-02,mootdx,2026-10-02T10:02:03.930854+08:00,2026-01-06,2026-01-07,xdxr_capital_history,current_mootdx_f10,5.639318582337971,ok,ok,early,train,filled_proxy,09:31,09:32,1,53.35,53.41,100,65908.0,0.0015172664926867755,55.67,-6.520809525544957,-3.159109162360596,filled_proxy,09:32,50.94,51.0,37326.0,early_exit,-4.856879086062104,56.27,filled_proxy,14:56,48.11,48.160000000000004,13221.0,end_of_day_exit,-10.147803966664826,56.27,first_three_baseline_losses_below_minus5,09:31,20,4,12007,True,14:55,20,20,13221,True
2026-01-05,sh:stock:603221,603221,爱丽家居,sh,main,轻工制造,13.1,14.41,13.0,14.41,13.1,14.41,213390.0,292397056.0,244540000.0,242270000.0,3523821400.0,3491110700.0,8.807942,10.763359,0.0,10.0,14.093428,1,2026-07-24,2026-10-02,mootdx,2026-10-02T10:02:03.930854+08:00,2026-01-06,2026-01-07,xdxr_capital_history,current_mootdx_f10,1.9430950728660523,ok,ok,early,train,filled_proxy,09:31,09:32,1,14.94,14.96,600,8890.0,0.06749156355455568,15.71,-4.770650237883844,-1.3305070363755056,filled_proxy,09:32,14.0,14.02,2275.0,early_exit,-6.573520316314041,15.75,filled_proxy,14:56,14.12,14.14,745.0,end_of_day_exit,-5.772244725900622,15.75,first_three_baseline_losses_below_minus5,09:31,20,3,1602,True,14:55,18,18,745,True
